[
    {
        "username": "he",
        "firstname": "Harry",
        "lastname": "Egger",
        "password": "$2y$10$naeXXn9in6GNYBHdZSD1teIt\/MCR.ZoBdeqwNBKAhcuuWLI1ZNmIy",
        "email": "he@igm.ch",
        "last_login": "2025-05-09 19:30:00"
    },
    {
        "username": "Harry",
        "firstname": "Harry",
        "lastname": "Egger",
        "email": "he@igm.ch",
        "password": "$2y$10$EgRcTT5e7rO5cJXXkltuY.EFNDiU\/mLuafNfsbeMitqoIuqUYm8mG",
        "last_login": "2025-05-09 19:30:00"
    }
]