[
    {
        "change_date": "2025-05-09 22:36:37",
        "description": "Kategorie verschoben: Nextcloud nach unten",
        "username": "Harry"
    },
    {
        "change_date": "2025-05-09 22:36:38",
        "description": "Kategorie verschoben: Onlinehilfe nach unten",
        "username": "Harry"
    },
    {
        "change_date": "2025-05-09 22:36:38",
        "description": "Kategorie verschoben: Nextcloud nach unten",
        "username": "Harry"
    },
    {
        "change_date": "2025-05-09 22:36:38",
        "description": "Kategorie verschoben: Onlinehilfe nach unten",
        "username": "Harry"
    },
    {
        "change_date": "2025-05-09 22:36:40",
        "description": "Kategorie verschoben: Nextcloud nach unten",
        "username": "Harry"
    },
    {
        "change_date": "2025-05-09 22:36:44",
        "description": "Kategorie verschoben: Onlinehilfe nach unten",
        "username": "Harry"
    },
    {
        "change_date": "2025-05-09 22:36:44",
        "description": "Kategorie verschoben: Nextcloud nach unten",
        "username": "Harry"
    },
    {
        "change_date": "2025-05-09 22:36:51",
        "description": "Kategorie verschoben: Nextcloud nach oben",
        "username": "Harry"
    },
    {
        "change_date": "2025-05-09 22:41:34",
        "description": "Kategorie verschoben: Nextcloud nach oben",
        "username": "Harry"
    },
    {
        "change_date": "2025-05-09 22:41:35",
        "description": "Kategorie verschoben: Webseiten nach oben",
        "username": "Harry"
    },
    {
        "change_date": "2025-05-09 22:41:35",
        "description": "Kategorie verschoben: Nextcloud nach oben",
        "username": "Harry"
    },
    {
        "change_date": "2025-05-09 22:41:35",
        "description": "Kategorie verschoben: Webseiten nach oben",
        "username": "Harry"
    },
    {
        "change_date": "2025-05-09 22:44:57",
        "description": "Kategorie verschoben: Nextcloud nach oben",
        "username": "Harry"
    },
    {
        "change_date": "2025-05-09 22:44:58",
        "description": "Kategorie verschoben: Webseiten nach oben",
        "username": "Harry"
    },
    {
        "change_date": "2025-05-09 22:45:02",
        "description": "Kategorie verschoben: Nextcloud nach oben",
        "username": "Harry"
    },
    {
        "change_date": "2025-05-09 22:45:03",
        "description": "Kategorie verschoben: Webseiten nach oben",
        "username": "Harry"
    },
    {
        "change_date": "2025-05-09 22:46:28",
        "description": "Kategorie verschoben: Nextcloud nach oben",
        "username": "Harry"
    },
    {
        "change_date": "2025-05-09 22:46:29",
        "description": "Kategorie verschoben: Webseiten nach oben",
        "username": "Harry"
    },
    {
        "change_date": "2025-05-09 22:46:39",
        "description": "Kategorie verschoben: Webseiten nach oben",
        "username": "Harry"
    },
    {
        "change_date": "2025-05-09 22:47:58",
        "description": "Kategorie verschoben: Onlinehilfe nach oben",
        "username": "Harry"
    },
    {
        "change_date": "2025-05-09 22:48:06",
        "description": "Kategorie verschoben: Nextcloud nach oben",
        "username": "Harry"
    },
    {
        "change_date": "2025-05-09 22:48:07",
        "description": "Kategorie verschoben: Onlinehilfe nach oben",
        "username": "Harry"
    },
    {
        "change_date": "2025-05-09 22:48:07",
        "description": "Kategorie verschoben: Nextcloud nach oben",
        "username": "Harry"
    },
    {
        "change_date": "2025-05-09 22:48:08",
        "description": "Kategorie verschoben: Onlinehilfe nach oben",
        "username": "Harry"
    },
    {
        "change_date": "2025-05-09 22:48:08",
        "description": "Kategorie verschoben: Nextcloud nach oben",
        "username": "Harry"
    },
    {
        "change_date": "2025-05-09 22:48:08",
        "description": "Kategorie verschoben: Onlinehilfe nach oben",
        "username": "Harry"
    },
    {
        "change_date": "2025-05-09 22:48:12",
        "description": "Kategorie verschoben: Onlinehilfe nach unten",
        "username": "Harry"
    },
    {
        "change_date": "2025-05-09 22:49:30",
        "description": "Kategorie verschoben: Onlinehilfe nach oben",
        "username": "Harry"
    },
    {
        "change_date": "2025-05-09 22:51:05",
        "description": "Kategorie verschoben: Nextcloud nach oben",
        "username": "Harry"
    },
    {
        "change_date": "2025-05-09 22:51:06",
        "description": "Kategorie verschoben: Onlinehilfe nach oben",
        "username": "Harry"
    },
    {
        "change_date": "2025-05-09 22:51:16",
        "description": "Kategorie verschoben: Webseiten nach unten",
        "username": "Harry"
    },
    {
        "change_date": "2025-05-09 23:02:11",
        "description": "Kategorie verschoben: Mitglieder nach unten",
        "username": "Harry"
    },
    {
        "change_date": "2025-05-09 23:02:12",
        "description": "Kategorie verschoben: Webseiten nach unten",
        "username": "Harry"
    },
    {
        "change_date": "2025-05-09 23:02:24",
        "description": "Kategorie verschoben: Nextcloud nach oben",
        "username": "Harry"
    },
    {
        "change_date": "2025-05-09 23:04:05",
        "description": "Kategorie verschoben: Onlinehilfe nach oben",
        "username": "Harry"
    },
    {
        "change_date": "2025-05-09 23:04:08",
        "description": "Kategorie verschoben: Nextcloud nach oben",
        "username": "Harry"
    },
    {
        "change_date": "2025-05-09 23:05:31",
        "description": "Kategorie verschoben: Onlinehilfe nach oben",
        "username": "Harry"
    },
    {
        "change_date": "2025-05-09 23:05:31",
        "description": "Kategorie verschoben: Nextcloud nach oben",
        "username": "Harry"
    },
    {
        "change_date": "2025-05-09 23:05:32",
        "description": "Kategorie verschoben: Onlinehilfe nach oben",
        "username": "Harry"
    },
    {
        "change_date": "2025-05-09 23:05:32",
        "description": "Kategorie verschoben: Nextcloud nach oben",
        "username": "Harry"
    },
    {
        "change_date": "2025-05-09 23:05:32",
        "description": "Kategorie verschoben: Onlinehilfe nach oben",
        "username": "Harry"
    },
    {
        "change_date": "2025-05-09 23:05:36",
        "description": "Kategorie verschoben: Nextcloud nach oben",
        "username": "Harry"
    },
    {
        "change_date": "2025-05-09 23:06:57",
        "description": "Kategorie verschoben: Nextcloud nach oben",
        "username": "Harry"
    },
    {
        "change_date": "2025-05-09 23:08:50",
        "description": "Kategorie verschoben: Nextcloud nach oben",
        "username": "Harry"
    },
    {
        "change_date": "2025-05-09 23:10:16",
        "description": "Kategorie verschoben: Mitglieder nach oben",
        "username": "Harry"
    },
    {
        "change_date": "2025-05-09 23:10:17",
        "description": "Kategorie verschoben: Nextcloud nach oben",
        "username": "Harry"
    },
    {
        "change_date": "2025-05-09 23:10:17",
        "description": "Kategorie verschoben: Mitglieder nach oben",
        "username": "Harry"
    },
    {
        "change_date": "2025-05-09 23:10:29",
        "description": "Kategorie verschoben: Nextcloud nach oben",
        "username": "Harry"
    },
    {
        "change_date": "2025-05-10 06:41:34",
        "description": "Admin Harry hat sich eingeloggt",
        "username": "Harry"
    },
    {
        "change_date": "2025-05-10 06:41:39",
        "description": "Kategorie verschoben: Webseiten nach oben",
        "username": "Harry"
    },
    {
        "change_date": "2025-05-10 06:46:19",
        "description": "Kategorie verschoben: Onlinehilfe nach oben",
        "username": "Harry"
    },
    {
        "change_date": "2025-05-10 06:50:24",
        "description": "Kategorie verschoben: Onlinehilfe nach oben",
        "username": "Harry"
    },
    {
        "change_date": "2025-05-10 06:52:20",
        "description": "Kategorie verschoben: Webseiten nach oben",
        "username": "Harry"
    },
    {
        "change_date": "2025-05-10 06:52:25",
        "description": "Kategorie verschoben: Onlinehilfe nach oben",
        "username": "Harry"
    },
    {
        "change_date": "2025-05-10 06:52:25",
        "description": "Kategorie verschoben: Webseiten nach oben",
        "username": "Harry"
    },
    {
        "change_date": "2025-05-10 06:52:26",
        "description": "Kategorie verschoben: Onlinehilfe nach oben",
        "username": "Harry"
    },
    {
        "change_date": "2025-05-10 06:52:26",
        "description": "Kategorie verschoben: Webseiten nach oben",
        "username": "Harry"
    },
    {
        "change_date": "2025-05-10 06:56:08",
        "description": "Kategorie verschoben: Onlinehilfe nach oben",
        "username": "Harry"
    },
    {
        "change_date": "2025-05-10 06:56:09",
        "description": "Kategorie verschoben: Webseiten nach oben",
        "username": "Harry"
    },
    {
        "change_date": "2025-05-10 06:56:22",
        "description": "Kategorie verschoben: Webseiten nach oben",
        "username": "Harry"
    },
    {
        "change_date": "2025-05-10 06:57:45",
        "description": "Kategorie verschoben: Onlinehilfe nach unten",
        "username": "Harry"
    },
    {
        "change_date": "2025-05-10 07:00:50",
        "description": "Kategorie verschoben: Mitglieder nach unten",
        "username": "Harry"
    },
    {
        "change_date": "2025-05-10 07:00:51",
        "description": "Kategorie verschoben: Onlinehilfe nach unten",
        "username": "Harry"
    },
    {
        "change_date": "2025-05-10 07:00:55",
        "description": "Kategorie verschoben: Nextcloud nach oben",
        "username": "Harry"
    },
    {
        "change_date": "2025-05-10 07:02:22",
        "description": "Kategorie verschoben: Webseiten nach oben",
        "username": "Harry"
    },
    {
        "change_date": "2025-05-10 07:12:59",
        "description": "Kategorie verschoben: Mitglieder nach oben",
        "username": "Harry"
    },
    {
        "change_date": "2025-05-10 07:21:04",
        "description": "Kategorie verschoben: Mitglieder nach oben",
        "username": "Harry"
    },
    {
        "change_date": "2025-05-10 07:21:08",
        "description": "Kategorie verschoben: Mitglieder nach unten",
        "username": "Harry"
    },
    {
        "change_date": "2025-05-10 07:21:10",
        "description": "Kategorie verschoben: Mitglieder nach unten",
        "username": "Harry"
    },
    {
        "change_date": "2025-05-10 07:21:12",
        "description": "Kategorie verschoben: Mitglieder nach oben",
        "username": "Harry"
    },
    {
        "change_date": "2025-05-10 07:21:15",
        "description": "Kategorie verschoben: Onlinehilfe nach oben",
        "username": "Harry"
    },
    {
        "change_date": "2025-05-10 07:21:18",
        "description": "Kategorie verschoben: Mitglieder nach oben",
        "username": "Harry"
    },
    {
        "change_date": "2025-05-10 07:21:19",
        "description": "Kategorie verschoben: Onlinehilfe nach oben",
        "username": "Harry"
    },
    {
        "change_date": "2025-05-10 07:21:21",
        "description": "Kategorie verschoben: Nextcloud nach oben",
        "username": "Harry"
    },
    {
        "change_date": "2025-05-10 07:31:37",
        "description": "Admin Harry hat sich ausgeloggt",
        "username": "Harry"
    },
    {
        "change_date": "2025-05-10 07:32:02",
        "description": "Admin Harry hat sich eingeloggt",
        "username": "Harry"
    },
    {
        "change_date": "2025-05-10 07:37:54",
        "description": "Kategorie verschoben: Onlinehilfe nach oben",
        "username": "Harry"
    },
    {
        "change_date": "2025-05-10 07:37:56",
        "description": "Kategorie verschoben: Onlinehilfe nach unten",
        "username": "Harry"
    },
    {
        "change_date": "2025-05-10 07:38:10",
        "description": "Link verschoben: Test",
        "username": "Harry"
    },
    {
        "change_date": "2025-05-10 07:38:12",
        "description": "Link verschoben: Test",
        "username": "Harry"
    },
    {
        "change_date": "2025-05-10 07:38:15",
        "description": "Link gel\u00f6scht: Test",
        "username": "Harry"
    },
    {
        "change_date": "2025-05-10 07:38:18",
        "description": "Link gel\u00f6scht: harry",
        "username": "Harry"
    },
    {
        "change_date": "2025-05-10 07:38:32",
        "description": "Link verschoben: MetaNet",
        "username": "Harry"
    },
    {
        "change_date": "2025-05-10 07:38:45",
        "description": "Link verschoben: MetaNet",
        "username": "Harry"
    },
    {
        "change_date": "2025-05-10 08:40:05",
        "description": "Benutzer bearbeitet: he",
        "username": "Harry"
    },
    {
        "change_date": "2025-05-10 08:44:25",
        "description": "Benutzer bearbeitet: he",
        "username": "Harry"
    },
    {
        "change_date": "2025-05-10 08:44:30",
        "description": "Admin Harry hat sich ausgeloggt",
        "username": "Harry"
    },
    {
        "change_date": "2025-05-10 08:44:50",
        "description": "Admin he hat sich eingeloggt",
        "username": "he"
    },
    {
        "change_date": "2025-05-10 08:45:07",
        "description": "Benutzer bearbeitet: he",
        "username": "he"
    },
    {
        "change_date": "2025-05-10 08:45:30",
        "description": "Admin he hat sich ausgeloggt",
        "username": "he"
    },
    {
        "change_date": "2025-05-10 08:47:43",
        "description": "Admin he hat sich eingeloggt",
        "username": "he"
    },
    {
        "change_date": "2025-05-10 08:47:45",
        "description": "Admin he hat sich ausgeloggt",
        "username": "he"
    },
    {
        "change_date": "2025-05-10 08:59:23",
        "description": "Admin he hat sich eingeloggt",
        "username": "he"
    },
    {
        "change_date": "2025-05-10 12:54:05",
        "description": "Admin he hat sich eingeloggt",
        "username": "he"
    },
    {
        "change_date": "2025-05-10 12:54:45",
        "description": "Kategorie verschoben: Nextcloud nach oben",
        "username": "he"
    },
    {
        "change_date": "2025-05-10 12:54:48",
        "description": "Kategorie verschoben: Nextcloud nach oben",
        "username": "he"
    },
    {
        "change_date": "2025-05-10 12:54:50",
        "description": "Kategorie verschoben: Onlinehilfe nach oben",
        "username": "he"
    },
    {
        "change_date": "2025-05-10 12:54:53",
        "description": "Kategorie verschoben: Mitglieder nach oben",
        "username": "he"
    },
    {
        "change_date": "2025-05-10 12:54:54",
        "description": "Kategorie verschoben: Webseiten nach oben",
        "username": "he"
    },
    {
        "change_date": "2025-05-10 13:26:05",
        "description": "Admin he hat sich ausgeloggt",
        "username": "he"
    },
    {
        "change_date": "2025-05-10 13:26:15",
        "description": "Admin he hat sich eingeloggt",
        "username": "he"
    }
]