[
    {
        "title": "IGM Webseite",
        "url": "https:\/\/www.igm.ch\/",
        "category": "Webseiten"
    },
    {
        "title": "MetaNet",
        "url": "https:\/\/hera.metanet.ch:8443\/smb\/web\/view",
        "category": "Webseiten"
    },
    {
        "title": "Mitglieder (Produktiv)",
        "url": "https:\/\/mitglieder.igm.ch\/login\/",
        "category": "Mitglieder"
    },
    {
        "title": "Mitglieder (Testseite)",
        "url": "https:\/\/wordpress.igm-ch.ch\/login\/",
        "category": "Mitglieder"
    },
    {
        "title": "Nextcloud (MetaNet)",
        "url": "https:\/\/cloud.igm-ch.ch\/index.php",
        "category": "Nextcloud"
    },
    {
        "title": "Nextcloud Thurdata",
        "url": "https:\/\/onlinehelp.igm-ch.ch\/Anleitungen\/Nextcloud(Thurdata)\/",
        "category": "Onlinehilfe"
    },
    {
        "title": "Nextcloud (Thurdata)",
        "url": "https:\/\/igm-cloud.ch\/index.php\/",
        "category": "Nextcloud"
    },
    {
        "title": "Thurdata Portal",
        "url": "https:\/\/portal.thurdata.ch\/",
        "category": "Nextcloud"
    },
    {
        "title": "WPJobs",
        "url": "http:\/\/onlinehelp.igm-ch.ch\/Anleitungen\/WPJobs\/",
        "category": "Onlinehilfe"
    }
]